repo,hash
b001,ed04dfcc9b38d79ce0c4cd6a6e492e2292bb2954
b002,c775dc0c2c04e4383929026676e3a2850d9486ab
b003,fc1ff9cf33404d9210b10c16a079cd347a96ce97
b004,6c0a38c215a3abe207c4528a5ed334e49e283003
b005,7270dee80167bd1177722b93d7d0d47f820de3f1
b006,716fe7281d645b74f93dffc1a830ba58a1ef836a
b007,5ff52cbf893b5b613ffd4e81abf6471ba2b95bb5
b008,13024a69ee73bcaf8a0e4e1ecb6f394edd7e9ba5
b009,c21a8d8c67be77476d946e583a85768707993d92
b010,ef14ca478aed1c7870ab658f2577318d667f9a69
b011,4addd17c3f22795a880cd6492f9c57aa56e746f5
b012,6d924e8c45221d53951a154b6972c6ed4fd91001
b013,4b1b101e2ca550fad4eea917d554724947065fd6
b014,a237e36a05c66e67abe70f115cc9aa1f440f4ad2
b015,41af6a217717c55924f90160356dc24b5df93fa4
b016,0b18b475ec897e5b3a7a4fc5805826797046255a
b017,513bed655f7281d823cfc7b2e19581c14be873d1
b018,2e847e2068fe56b72dcf15c80ee43b9aaf0d57d9
